epoch,teacher_forcing_ratio,train_loss,test_loss
1,1.0,0.4051965270708655,15.226477499914669
2,0.75,1.0782969983924682,5.296438616376924
3,0.5,1.7761899138112844,4.077623744930164
4,0.25,2.5732653260711693,3.4048196673111586
5,0.0,2.666727107516187,2.365331006739314
6,0.0,2.4191804184085126,2.6846083398325225
7,0.0,2.5390095123052863,2.102017090274288
8,0.0,2.3047694834877257,2.074922986856659
9,0.0,2.0766227823623415,2.342670228979268
9,0.0,2.23930397997448,2.017960669776521
